name,website,category,city,state,phone,email,address,established
Guardian Roofing,,roofing,Santa Rosa,CA,+17078433526,guardianroofllc@gmail.com,2210 Dennis Ln,2019
Schafer Electric,,electrician,Santa Rosa,CA,+17075453300,schaferelectric@gmail.com,631 Rinaldo St,2006
Redwood Concrete Pumping,,contractor,Santa Rosa,CA,+17075381206,redwoodconcretepump@sonic.net,1372 Los Alamos Rd,Est. 1981
Atlas Heating and Air Conditioning,,hvac,Santa Rosa,CA,(707) 571-7522,atlashvac@yahoo.com,560 Silva Ave,2008
"John Owens Services, Inc.",,plumbing,Santa Rosa,CA,+17072032517,leads.johnowensservices@gmail.com,3471 Regional Pkwy Ste C,1986
WarPigs Craft Kitchen,,restaurant,Cotati,CA,+17075085551,warpigsbbq@yahoo.com,8492 Gravenstein Hwy,2011
Empire Equine,,veterinary,Santa Rosa,CA,7075453909,empireequine@comcast.net,2318 Olivet Ln,
Leslie Jue DDS,,dental,Santa Rosa,CA,+17075371904,jueinfo@sonic.net,55 Mission Cir,1987
Morpheus Medical Aesthetics,,spa,Santa Rosa,CA,+17079217447,beautybymorpheus@gmail.com,2800 Cleveland Ave,2009
Elevate Fitness,,fitness,Santa Rosa,CA,+17073326760,weelevatefitness@gmail.com,3451 Airway Dr,Est. 2016
