Name,City,Website,Category,Phone,Address
Maboroshi Wine,Sebastopol,http://www.maboroshiwine.com/,winery,+17078291216,2970 Thorn Rd
Albini Family Vineyards,Windsor,http://www.albinifamilyvineyards.com,winery,+17078389249,886 Jensen Ln
Mueller Winery,Healdsburg,http://www.muellerwine.com,winery,+17074738086,118 North St
La Dolce Vita Wine Lounge,Petaluma,http://www.ldvwine.com/,winery,+17077636363,151 Petaluma Blvd S
CAST Wines,Geyserville,http://www.castwines.com,winery,+17074311225,8500 Dry Creek Rd
Christopher Creek Winery,Healdsburg,http://www.christophercreek.com/,winery,+17074332001,641 Limerick Ln
Tyge William Cellars,Sonoma,http://tygewilliamcellars.com/,winery,+17076088446,144 W Napa St
Char Vale Vineyards and Winery,Sebastopol,http://www.charvalewinery.com/,winery,+17078276102,9280 Occidental Rd
D & L Carinalli Vineyards,Sebastopol,http://www.dlcarinallivineyards.com/,winery,+17078232220,4905 Gravenstein Hwy S
The Meeker Vineyard Tasting Room,Healdsburg,http://www.meekerwine.com/,winery,+17074312148,5 Fitch St
