Business,Category,City,Phone,Email,Website,Address
BRM Builders,contractor,Santa Rosa,+17074816228,chris@brmbuild.com,http://brmbuild.com/,1851 Piner Rd
Paragon Power LLC,electrician,Santa Rosa,+17076969658,paragonpowerllc@proton.me,http://paragonpower.us/,1821 Sansone Dr
Aleman Concrete,contractor,Santa Rosa,+17077751497,dougaleman@yahoo.com,http://alemanconcreteconstruction.com/,5023 Algiers Ave
Vital Energy Solutions,electrician,Sebastopol,+17078003884,power@vitalenergysolar.com,https://www.vitalenergysolar.com/,"7064 Corline Court, Building B"
Point Pacific Drilling,contractor,Petaluma,+14154558249,chris@pacificcoastdrilling.com,https://pointpacificdrilling.com,121 Lakeville St
Superior Deck Service,contractor,Santa Rosa,+17075889911,superiordecks@comcast.net,http://www.superiordecks.com,3994 Petaluma Hill Rd
Curoso Plumbing Inc.,plumber,Santa Rosa,+17075455017,jimcuroso06@outlook.com,https://curosoplumbing.com/,"1925 Fulton Road, Santa Rosa"
Reynoso's Stoneworks,contractor,Santa Rosa,+17073218980,reynososstoneworks@yahoo.com,http://www.reynosostoneworks.com,1532 Buckboard Pl
Green Town Electric,electrician,Santa Rosa,+17074905605,greentownelectric@gmail.com,https://greentownelectrical.com/,331 10th St
Rainbow Comfort,hvac_services,Santa Rosa,+17074848777,jim@rainbowcomfort.com,http://rainbowcomfort.com/,1415 Fulton Rd
